--
-- PostgreSQL database dump
--

-- Dumped from database version 15.13 (Debian 15.13-1.pgdg120+1)
-- Dumped by pg_dump version 15.13 (Debian 15.13-1.pgdg120+1)

SET statement_timeout = 0;
SET lock_timeout = 0;
SET idle_in_transaction_session_timeout = 0;
SET client_encoding = 'UTF8';
SET standard_conforming_strings = on;
SELECT pg_catalog.set_config('search_path', '', false);
SET check_function_bodies = false;
SET xmloption = content;
SET client_min_messages = warning;
SET row_security = off;

SET default_tablespace = '';

SET default_table_access_method = heap;

--
-- Name: auth_group; Type: TABLE; Schema: public; Owner: postgres
--

CREATE TABLE public.auth_group (
    id integer NOT NULL,
    name character varying(150) NOT NULL
);


ALTER TABLE public.auth_group OWNER TO postgres;

--
-- Name: auth_group_id_seq; Type: SEQUENCE; Schema: public; Owner: postgres
--

ALTER TABLE public.auth_group ALTER COLUMN id ADD GENERATED BY DEFAULT AS IDENTITY (
    SEQUENCE NAME public.auth_group_id_seq
    START WITH 1
    INCREMENT BY 1
    NO MINVALUE
    NO MAXVALUE
    CACHE 1
);


--
-- Name: auth_group_permissions; Type: TABLE; Schema: public; Owner: postgres
--

CREATE TABLE public.auth_group_permissions (
    id bigint NOT NULL,
    group_id integer NOT NULL,
    permission_id integer NOT NULL
);


ALTER TABLE public.auth_group_permissions OWNER TO postgres;

--
-- Name: auth_group_permissions_id_seq; Type: SEQUENCE; Schema: public; Owner: postgres
--

ALTER TABLE public.auth_group_permissions ALTER COLUMN id ADD GENERATED BY DEFAULT AS IDENTITY (
    SEQUENCE NAME public.auth_group_permissions_id_seq
    START WITH 1
    INCREMENT BY 1
    NO MINVALUE
    NO MAXVALUE
    CACHE 1
);


--
-- Name: auth_permission; Type: TABLE; Schema: public; Owner: postgres
--

CREATE TABLE public.auth_permission (
    id integer NOT NULL,
    name character varying(255) NOT NULL,
    content_type_id integer NOT NULL,
    codename character varying(100) NOT NULL
);


ALTER TABLE public.auth_permission OWNER TO postgres;

--
-- Name: auth_permission_id_seq; Type: SEQUENCE; Schema: public; Owner: postgres
--

ALTER TABLE public.auth_permission ALTER COLUMN id ADD GENERATED BY DEFAULT AS IDENTITY (
    SEQUENCE NAME public.auth_permission_id_seq
    START WITH 1
    INCREMENT BY 1
    NO MINVALUE
    NO MAXVALUE
    CACHE 1
);


--
-- Name: auth_user; Type: TABLE; Schema: public; Owner: postgres
--

CREATE TABLE public.auth_user (
    id integer NOT NULL,
    password character varying(128) NOT NULL,
    last_login timestamp with time zone,
    is_superuser boolean NOT NULL,
    username character varying(150) NOT NULL,
    first_name character varying(150) NOT NULL,
    last_name character varying(150) NOT NULL,
    email character varying(254) NOT NULL,
    is_staff boolean NOT NULL,
    is_active boolean NOT NULL,
    date_joined timestamp with time zone NOT NULL
);


ALTER TABLE public.auth_user OWNER TO postgres;

--
-- Name: auth_user_groups; Type: TABLE; Schema: public; Owner: postgres
--

CREATE TABLE public.auth_user_groups (
    id bigint NOT NULL,
    user_id integer NOT NULL,
    group_id integer NOT NULL
);


ALTER TABLE public.auth_user_groups OWNER TO postgres;

--
-- Name: auth_user_groups_id_seq; Type: SEQUENCE; Schema: public; Owner: postgres
--

ALTER TABLE public.auth_user_groups ALTER COLUMN id ADD GENERATED BY DEFAULT AS IDENTITY (
    SEQUENCE NAME public.auth_user_groups_id_seq
    START WITH 1
    INCREMENT BY 1
    NO MINVALUE
    NO MAXVALUE
    CACHE 1
);


--
-- Name: auth_user_id_seq; Type: SEQUENCE; Schema: public; Owner: postgres
--

ALTER TABLE public.auth_user ALTER COLUMN id ADD GENERATED BY DEFAULT AS IDENTITY (
    SEQUENCE NAME public.auth_user_id_seq
    START WITH 1
    INCREMENT BY 1
    NO MINVALUE
    NO MAXVALUE
    CACHE 1
);


--
-- Name: auth_user_user_permissions; Type: TABLE; Schema: public; Owner: postgres
--

CREATE TABLE public.auth_user_user_permissions (
    id bigint NOT NULL,
    user_id integer NOT NULL,
    permission_id integer NOT NULL
);


ALTER TABLE public.auth_user_user_permissions OWNER TO postgres;

--
-- Name: auth_user_user_permissions_id_seq; Type: SEQUENCE; Schema: public; Owner: postgres
--

ALTER TABLE public.auth_user_user_permissions ALTER COLUMN id ADD GENERATED BY DEFAULT AS IDENTITY (
    SEQUENCE NAME public.auth_user_user_permissions_id_seq
    START WITH 1
    INCREMENT BY 1
    NO MINVALUE
    NO MAXVALUE
    CACHE 1
);


--
-- Name: django_admin_log; Type: TABLE; Schema: public; Owner: postgres
--

CREATE TABLE public.django_admin_log (
    id integer NOT NULL,
    action_time timestamp with time zone NOT NULL,
    object_id text,
    object_repr character varying(200) NOT NULL,
    action_flag smallint NOT NULL,
    change_message text NOT NULL,
    content_type_id integer,
    user_id integer NOT NULL,
    CONSTRAINT django_admin_log_action_flag_check CHECK ((action_flag >= 0))
);


ALTER TABLE public.django_admin_log OWNER TO postgres;

--
-- Name: django_admin_log_id_seq; Type: SEQUENCE; Schema: public; Owner: postgres
--

ALTER TABLE public.django_admin_log ALTER COLUMN id ADD GENERATED BY DEFAULT AS IDENTITY (
    SEQUENCE NAME public.django_admin_log_id_seq
    START WITH 1
    INCREMENT BY 1
    NO MINVALUE
    NO MAXVALUE
    CACHE 1
);


--
-- Name: django_content_type; Type: TABLE; Schema: public; Owner: postgres
--

CREATE TABLE public.django_content_type (
    id integer NOT NULL,
    app_label character varying(100) NOT NULL,
    model character varying(100) NOT NULL
);


ALTER TABLE public.django_content_type OWNER TO postgres;

--
-- Name: django_content_type_id_seq; Type: SEQUENCE; Schema: public; Owner: postgres
--

ALTER TABLE public.django_content_type ALTER COLUMN id ADD GENERATED BY DEFAULT AS IDENTITY (
    SEQUENCE NAME public.django_content_type_id_seq
    START WITH 1
    INCREMENT BY 1
    NO MINVALUE
    NO MAXVALUE
    CACHE 1
);


--
-- Name: django_migrations; Type: TABLE; Schema: public; Owner: postgres
--

CREATE TABLE public.django_migrations (
    id bigint NOT NULL,
    app character varying(255) NOT NULL,
    name character varying(255) NOT NULL,
    applied timestamp with time zone NOT NULL
);


ALTER TABLE public.django_migrations OWNER TO postgres;

--
-- Name: django_migrations_id_seq; Type: SEQUENCE; Schema: public; Owner: postgres
--

ALTER TABLE public.django_migrations ALTER COLUMN id ADD GENERATED BY DEFAULT AS IDENTITY (
    SEQUENCE NAME public.django_migrations_id_seq
    START WITH 1
    INCREMENT BY 1
    NO MINVALUE
    NO MAXVALUE
    CACHE 1
);


--
-- Name: django_session; Type: TABLE; Schema: public; Owner: postgres
--

CREATE TABLE public.django_session (
    session_key character varying(40) NOT NULL,
    session_data text NOT NULL,
    expire_date timestamp with time zone NOT NULL
);


ALTER TABLE public.django_session OWNER TO postgres;

--
-- Name: imputation_auditlog; Type: TABLE; Schema: public; Owner: postgres
--

CREATE TABLE public.imputation_auditlog (
    id bigint NOT NULL,
    action character varying(20) NOT NULL,
    resource_type character varying(50) NOT NULL,
    resource_id character varying(100) NOT NULL,
    details jsonb NOT NULL,
    ip_address inet,
    user_agent text NOT NULL,
    "timestamp" timestamp with time zone NOT NULL,
    user_id integer
);


ALTER TABLE public.imputation_auditlog OWNER TO postgres;

--
-- Name: imputation_auditlog_id_seq; Type: SEQUENCE; Schema: public; Owner: postgres
--

ALTER TABLE public.imputation_auditlog ALTER COLUMN id ADD GENERATED BY DEFAULT AS IDENTITY (
    SEQUENCE NAME public.imputation_auditlog_id_seq
    START WITH 1
    INCREMENT BY 1
    NO MINVALUE
    NO MAXVALUE
    CACHE 1
);


--
-- Name: imputation_imputationjob; Type: TABLE; Schema: public; Owner: postgres
--

CREATE TABLE public.imputation_imputationjob (
    id uuid NOT NULL,
    name character varying(200) NOT NULL,
    description text NOT NULL,
    input_format character varying(20) NOT NULL,
    build character varying(20) NOT NULL,
    phasing boolean NOT NULL,
    population character varying(100) NOT NULL,
    status character varying(20) NOT NULL,
    progress_percentage integer NOT NULL,
    external_job_id character varying(200) NOT NULL,
    input_file character varying(100),
    input_file_size bigint,
    result_files jsonb NOT NULL,
    created_at timestamp with time zone NOT NULL,
    updated_at timestamp with time zone NOT NULL,
    started_at timestamp with time zone,
    completed_at timestamp with time zone,
    execution_time_seconds integer,
    error_message text NOT NULL,
    service_response jsonb NOT NULL,
    reference_panel_id bigint NOT NULL,
    service_id bigint NOT NULL,
    user_id integer NOT NULL,
    user_token character varying(500) NOT NULL
);


ALTER TABLE public.imputation_imputationjob OWNER TO postgres;

--
-- Name: imputation_imputationservice; Type: TABLE; Schema: public; Owner: postgres
--

CREATE TABLE public.imputation_imputationservice (
    id bigint NOT NULL,
    name character varying(100) NOT NULL,
    service_type character varying(20) NOT NULL,
    api_url character varying(200) NOT NULL,
    description text NOT NULL,
    is_active boolean NOT NULL,
    created_at timestamp with time zone NOT NULL,
    updated_at timestamp with time zone NOT NULL,
    api_key_required boolean NOT NULL,
    max_file_size_mb integer NOT NULL,
    supported_formats jsonb NOT NULL,
    api_config jsonb NOT NULL,
    api_key character varying(255) NOT NULL,
    api_type character varying(20) NOT NULL,
    location character varying(200) NOT NULL,
    continent character varying(50) NOT NULL
);


ALTER TABLE public.imputation_imputationservice OWNER TO postgres;

--
-- Name: imputation_imputationservice_id_seq; Type: SEQUENCE; Schema: public; Owner: postgres
--

ALTER TABLE public.imputation_imputationservice ALTER COLUMN id ADD GENERATED BY DEFAULT AS IDENTITY (
    SEQUENCE NAME public.imputation_imputationservice_id_seq
    START WITH 1
    INCREMENT BY 1
    NO MINVALUE
    NO MAXVALUE
    CACHE 1
);


--
-- Name: imputation_jobstatusupdate; Type: TABLE; Schema: public; Owner: postgres
--

CREATE TABLE public.imputation_jobstatusupdate (
    id bigint NOT NULL,
    status character varying(20) NOT NULL,
    progress_percentage integer NOT NULL,
    message text NOT NULL,
    "timestamp" timestamp with time zone NOT NULL,
    external_data jsonb NOT NULL,
    job_id uuid NOT NULL
);


ALTER TABLE public.imputation_jobstatusupdate OWNER TO postgres;

--
-- Name: imputation_jobstatusupdate_id_seq; Type: SEQUENCE; Schema: public; Owner: postgres
--

ALTER TABLE public.imputation_jobstatusupdate ALTER COLUMN id ADD GENERATED BY DEFAULT AS IDENTITY (
    SEQUENCE NAME public.imputation_jobstatusupdate_id_seq
    START WITH 1
    INCREMENT BY 1
    NO MINVALUE
    NO MAXVALUE
    CACHE 1
);


--
-- Name: imputation_referencepanel; Type: TABLE; Schema: public; Owner: postgres
--

CREATE TABLE public.imputation_referencepanel (
    id bigint NOT NULL,
    name character varying(200) NOT NULL,
    panel_id character varying(100) NOT NULL,
    description text NOT NULL,
    population character varying(100) NOT NULL,
    build character varying(20) NOT NULL,
    samples_count integer,
    variants_count integer,
    is_active boolean NOT NULL,
    created_at timestamp with time zone NOT NULL,
    updated_at timestamp with time zone NOT NULL,
    service_id bigint NOT NULL
);


ALTER TABLE public.imputation_referencepanel OWNER TO postgres;

--
-- Name: imputation_referencepanel_id_seq; Type: SEQUENCE; Schema: public; Owner: postgres
--

ALTER TABLE public.imputation_referencepanel ALTER COLUMN id ADD GENERATED BY DEFAULT AS IDENTITY (
    SEQUENCE NAME public.imputation_referencepanel_id_seq
    START WITH 1
    INCREMENT BY 1
    NO MINVALUE
    NO MAXVALUE
    CACHE 1
);


--
-- Name: imputation_resultfile; Type: TABLE; Schema: public; Owner: postgres
--

CREATE TABLE public.imputation_resultfile (
    id bigint NOT NULL,
    file_type character varying(20) NOT NULL,
    filename character varying(255) NOT NULL,
    file_path character varying(500) NOT NULL,
    download_url character varying(200) NOT NULL,
    file_size bigint,
    checksum character varying(64) NOT NULL,
    is_available boolean NOT NULL,
    expires_at timestamp with time zone,
    created_at timestamp with time zone NOT NULL,
    job_id uuid NOT NULL
);


ALTER TABLE public.imputation_resultfile OWNER TO postgres;

--
-- Name: imputation_resultfile_id_seq; Type: SEQUENCE; Schema: public; Owner: postgres
--

ALTER TABLE public.imputation_resultfile ALTER COLUMN id ADD GENERATED BY DEFAULT AS IDENTITY (
    SEQUENCE NAME public.imputation_resultfile_id_seq
    START WITH 1
    INCREMENT BY 1
    NO MINVALUE
    NO MAXVALUE
    CACHE 1
);


--
-- Name: imputation_serviceconfiguration; Type: TABLE; Schema: public; Owner: postgres
--

CREATE TABLE public.imputation_serviceconfiguration (
    id bigint NOT NULL,
    api_key character varying(500) NOT NULL,
    api_secret character varying(500) NOT NULL,
    additional_headers jsonb NOT NULL,
    rate_limit_per_hour integer NOT NULL,
    timeout_seconds integer NOT NULL,
    retry_attempts integer NOT NULL,
    settings jsonb NOT NULL,
    created_at timestamp with time zone NOT NULL,
    updated_at timestamp with time zone NOT NULL,
    service_id bigint NOT NULL
);


ALTER TABLE public.imputation_serviceconfiguration OWNER TO postgres;

--
-- Name: imputation_serviceconfiguration_id_seq; Type: SEQUENCE; Schema: public; Owner: postgres
--

ALTER TABLE public.imputation_serviceconfiguration ALTER COLUMN id ADD GENERATED BY DEFAULT AS IDENTITY (
    SEQUENCE NAME public.imputation_serviceconfiguration_id_seq
    START WITH 1
    INCREMENT BY 1
    NO MINVALUE
    NO MAXVALUE
    CACHE 1
);


--
-- Name: imputation_servicepermission; Type: TABLE; Schema: public; Owner: postgres
--

CREATE TABLE public.imputation_servicepermission (
    id bigint NOT NULL,
    permission character varying(20) NOT NULL,
    granted_at timestamp with time zone NOT NULL,
    expires_at timestamp with time zone,
    is_active boolean NOT NULL,
    granted_by_id integer,
    service_id bigint NOT NULL,
    user_id integer NOT NULL
);


ALTER TABLE public.imputation_servicepermission OWNER TO postgres;

--
-- Name: imputation_servicepermission_id_seq; Type: SEQUENCE; Schema: public; Owner: postgres
--

ALTER TABLE public.imputation_servicepermission ALTER COLUMN id ADD GENERATED BY DEFAULT AS IDENTITY (
    SEQUENCE NAME public.imputation_servicepermission_id_seq
    START WITH 1
    INCREMENT BY 1
    NO MINVALUE
    NO MAXVALUE
    CACHE 1
);


--
-- Name: imputation_serviceusergroup; Type: TABLE; Schema: public; Owner: postgres
--

CREATE TABLE public.imputation_serviceusergroup (
    id bigint NOT NULL,
    name character varying(100) NOT NULL,
    description text NOT NULL,
    is_active boolean NOT NULL,
    created_at timestamp with time zone NOT NULL,
    updated_at timestamp with time zone NOT NULL,
    created_by_id integer,
    service_id bigint NOT NULL
);


ALTER TABLE public.imputation_serviceusergroup OWNER TO postgres;

--
-- Name: imputation_serviceusergroup_id_seq; Type: SEQUENCE; Schema: public; Owner: postgres
--

ALTER TABLE public.imputation_serviceusergroup ALTER COLUMN id ADD GENERATED BY DEFAULT AS IDENTITY (
    SEQUENCE NAME public.imputation_serviceusergroup_id_seq
    START WITH 1
    INCREMENT BY 1
    NO MINVALUE
    NO MAXVALUE
    CACHE 1
);


--
-- Name: imputation_serviceusergroup_permissions; Type: TABLE; Schema: public; Owner: postgres
--

CREATE TABLE public.imputation_serviceusergroup_permissions (
    id bigint NOT NULL,
    serviceusergroup_id bigint NOT NULL,
    servicepermission_id bigint NOT NULL
);


ALTER TABLE public.imputation_serviceusergroup_permissions OWNER TO postgres;

--
-- Name: imputation_serviceusergroup_permissions_id_seq; Type: SEQUENCE; Schema: public; Owner: postgres
--

ALTER TABLE public.imputation_serviceusergroup_permissions ALTER COLUMN id ADD GENERATED BY DEFAULT AS IDENTITY (
    SEQUENCE NAME public.imputation_serviceusergroup_permissions_id_seq
    START WITH 1
    INCREMENT BY 1
    NO MINVALUE
    NO MAXVALUE
    CACHE 1
);


--
-- Name: imputation_serviceusergroupmembership; Type: TABLE; Schema: public; Owner: postgres
--

CREATE TABLE public.imputation_serviceusergroupmembership (
    id bigint NOT NULL,
    joined_at timestamp with time zone NOT NULL,
    added_by_id integer,
    group_id bigint NOT NULL,
    user_id integer NOT NULL
);


ALTER TABLE public.imputation_serviceusergroupmembership OWNER TO postgres;

--
-- Name: imputation_serviceusergroupmembership_id_seq; Type: SEQUENCE; Schema: public; Owner: postgres
--

ALTER TABLE public.imputation_serviceusergroupmembership ALTER COLUMN id ADD GENERATED BY DEFAULT AS IDENTITY (
    SEQUENCE NAME public.imputation_serviceusergroupmembership_id_seq
    START WITH 1
    INCREMENT BY 1
    NO MINVALUE
    NO MAXVALUE
    CACHE 1
);


--
-- Name: imputation_userprofile; Type: TABLE; Schema: public; Owner: postgres
--

CREATE TABLE public.imputation_userprofile (
    id bigint NOT NULL,
    organization character varying(200) NOT NULL,
    department character varying(200) NOT NULL,
    "position" character varying(100) NOT NULL,
    phone character varying(20) NOT NULL,
    research_area character varying(200) NOT NULL,
    institution character varying(200) NOT NULL,
    country character varying(100) NOT NULL,
    preferred_language character varying(10) NOT NULL,
    timezone character varying(50) NOT NULL,
    email_notifications boolean NOT NULL,
    is_verified boolean NOT NULL,
    verification_date timestamp with time zone,
    last_activity timestamp with time zone,
    monthly_job_limit integer NOT NULL,
    monthly_jobs_used integer NOT NULL,
    storage_limit_gb numeric(10,2) NOT NULL,
    storage_used_gb numeric(10,2) NOT NULL,
    created_at timestamp with time zone NOT NULL,
    updated_at timestamp with time zone NOT NULL,
    role_id bigint,
    user_id integer NOT NULL
);


ALTER TABLE public.imputation_userprofile OWNER TO postgres;

--
-- Name: imputation_userprofile_id_seq; Type: SEQUENCE; Schema: public; Owner: postgres
--

ALTER TABLE public.imputation_userprofile ALTER COLUMN id ADD GENERATED BY DEFAULT AS IDENTITY (
    SEQUENCE NAME public.imputation_userprofile_id_seq
    START WITH 1
    INCREMENT BY 1
    NO MINVALUE
    NO MAXVALUE
    CACHE 1
);


--
-- Name: imputation_userrole; Type: TABLE; Schema: public; Owner: postgres
--

CREATE TABLE public.imputation_userrole (
    id bigint NOT NULL,
    name character varying(50) NOT NULL,
    description text NOT NULL,
    is_active boolean NOT NULL,
    created_at timestamp with time zone NOT NULL,
    updated_at timestamp with time zone NOT NULL
);


ALTER TABLE public.imputation_userrole OWNER TO postgres;

--
-- Name: imputation_userrole_id_seq; Type: SEQUENCE; Schema: public; Owner: postgres
--

ALTER TABLE public.imputation_userrole ALTER COLUMN id ADD GENERATED BY DEFAULT AS IDENTITY (
    SEQUENCE NAME public.imputation_userrole_id_seq
    START WITH 1
    INCREMENT BY 1
    NO MINVALUE
    NO MAXVALUE
    CACHE 1
);


--
-- Name: imputation_userrole_permissions; Type: TABLE; Schema: public; Owner: postgres
--

CREATE TABLE public.imputation_userrole_permissions (
    id bigint NOT NULL,
    userrole_id bigint NOT NULL,
    permission_id integer NOT NULL
);


ALTER TABLE public.imputation_userrole_permissions OWNER TO postgres;

--
-- Name: imputation_userrole_permissions_id_seq; Type: SEQUENCE; Schema: public; Owner: postgres
--

ALTER TABLE public.imputation_userrole_permissions ALTER COLUMN id ADD GENERATED BY DEFAULT AS IDENTITY (
    SEQUENCE NAME public.imputation_userrole_permissions_id_seq
    START WITH 1
    INCREMENT BY 1
    NO MINVALUE
    NO MAXVALUE
    CACHE 1
);


--
-- Name: imputation_userserviceaccess; Type: TABLE; Schema: public; Owner: postgres
--

CREATE TABLE public.imputation_userserviceaccess (
    id bigint NOT NULL,
    has_access boolean NOT NULL,
    api_key character varying(500) NOT NULL,
    quota_limit integer,
    quota_used integer NOT NULL,
    last_used timestamp with time zone,
    created_at timestamp with time zone NOT NULL,
    updated_at timestamp with time zone NOT NULL,
    service_id bigint NOT NULL,
    user_id integer NOT NULL
);


ALTER TABLE public.imputation_userserviceaccess OWNER TO postgres;

--
-- Name: imputation_userserviceaccess_id_seq; Type: SEQUENCE; Schema: public; Owner: postgres
--

ALTER TABLE public.imputation_userserviceaccess ALTER COLUMN id ADD GENERATED BY DEFAULT AS IDENTITY (
    SEQUENCE NAME public.imputation_userserviceaccess_id_seq
    START WITH 1
    INCREMENT BY 1
    NO MINVALUE
    NO MAXVALUE
    CACHE 1
);


--
-- Data for Name: auth_group; Type: TABLE DATA; Schema: public; Owner: postgres
--

COPY public.auth_group (id, name) FROM stdin;
\.


--
-- Data for Name: auth_group_permissions; Type: TABLE DATA; Schema: public; Owner: postgres
--

COPY public.auth_group_permissions (id, group_id, permission_id) FROM stdin;
\.


--
-- Data for Name: auth_permission; Type: TABLE DATA; Schema: public; Owner: postgres
--

COPY public.auth_permission (id, name, content_type_id, codename) FROM stdin;
1	Can add log entry	1	add_logentry
2	Can change log entry	1	change_logentry
3	Can delete log entry	1	delete_logentry
4	Can view log entry	1	view_logentry
5	Can add permission	2	add_permission
6	Can change permission	2	change_permission
7	Can delete permission	2	delete_permission
8	Can view permission	2	view_permission
9	Can add group	3	add_group
10	Can change group	3	change_group
11	Can delete group	3	delete_group
12	Can view group	3	view_group
13	Can add user	4	add_user
14	Can change user	4	change_user
15	Can delete user	4	delete_user
16	Can view user	4	view_user
17	Can add content type	5	add_contenttype
18	Can change content type	5	change_contenttype
19	Can delete content type	5	delete_contenttype
20	Can view content type	5	view_contenttype
21	Can add session	6	add_session
22	Can change session	6	change_session
23	Can delete session	6	delete_session
24	Can view session	6	view_session
25	Can add imputation job	7	add_imputationjob
26	Can change imputation job	7	change_imputationjob
27	Can delete imputation job	7	delete_imputationjob
28	Can view imputation job	7	view_imputationjob
29	Can add imputation service	8	add_imputationservice
30	Can change imputation service	8	change_imputationservice
31	Can delete imputation service	8	delete_imputationservice
32	Can view imputation service	8	view_imputationservice
33	Can add service configuration	9	add_serviceconfiguration
34	Can change service configuration	9	change_serviceconfiguration
35	Can delete service configuration	9	delete_serviceconfiguration
36	Can view service configuration	9	view_serviceconfiguration
37	Can add result file	10	add_resultfile
38	Can change result file	10	change_resultfile
39	Can delete result file	10	delete_resultfile
40	Can view result file	10	view_resultfile
41	Can add reference panel	11	add_referencepanel
42	Can change reference panel	11	change_referencepanel
43	Can delete reference panel	11	delete_referencepanel
44	Can view reference panel	11	view_referencepanel
45	Can add job status update	12	add_jobstatusupdate
46	Can change job status update	12	change_jobstatusupdate
47	Can delete job status update	12	delete_jobstatusupdate
48	Can view job status update	12	view_jobstatusupdate
49	Can add user service access	13	add_userserviceaccess
50	Can change user service access	13	change_userserviceaccess
51	Can delete user service access	13	delete_userserviceaccess
52	Can view user service access	13	view_userserviceaccess
53	Can add service permission	14	add_servicepermission
54	Can change service permission	14	change_servicepermission
55	Can delete service permission	14	delete_servicepermission
56	Can view service permission	14	view_servicepermission
57	Can add service user group	15	add_serviceusergroup
58	Can change service user group	15	change_serviceusergroup
59	Can delete service user group	15	delete_serviceusergroup
60	Can view service user group	15	view_serviceusergroup
61	Can add user role	16	add_userrole
62	Can change user role	16	change_userrole
63	Can delete user role	16	delete_userrole
64	Can view user role	16	view_userrole
65	Can add user profile	17	add_userprofile
66	Can change user profile	17	change_userprofile
67	Can delete user profile	17	delete_userprofile
68	Can view user profile	17	view_userprofile
69	Can add service user group membership	18	add_serviceusergroupmembership
70	Can change service user group membership	18	change_serviceusergroupmembership
71	Can delete service user group membership	18	delete_serviceusergroupmembership
72	Can view service user group membership	18	view_serviceusergroupmembership
73	Can add audit log	19	add_auditlog
74	Can change audit log	19	change_auditlog
75	Can delete audit log	19	delete_auditlog
76	Can view audit log	19	view_auditlog
\.


--
-- Data for Name: auth_user; Type: TABLE DATA; Schema: public; Owner: postgres
--

COPY public.auth_user (id, password, last_login, is_superuser, username, first_name, last_name, email, is_staff, is_active, date_joined) FROM stdin;
2	pbkdf2_sha256$600000$NgJBgULDh0tgNPb8sdZcmh$KAPw1KEECmieHeMUc5hDHIi7XyKe3EROiysOp4Pg//4=	2025-08-04 16:16:07.785977+00	f	test_user	Test	User	test@example.com	f	t	2025-08-04 16:15:28.502926+00
1	pbkdf2_sha256$600000$nQ1AKHsJ5JAAZQrJcl302r$pvr5ZFO+vs22YMmRqlp21Nm/4V5/fKWnkYGFvURBfZI=	2025-08-04 16:16:27.251709+00	t	admin			admin@example.com	t	t	2025-08-04 10:36:41.700759+00
\.


--
-- Data for Name: auth_user_groups; Type: TABLE DATA; Schema: public; Owner: postgres
--

COPY public.auth_user_groups (id, user_id, group_id) FROM stdin;
\.


--
-- Data for Name: auth_user_user_permissions; Type: TABLE DATA; Schema: public; Owner: postgres
--

COPY public.auth_user_user_permissions (id, user_id, permission_id) FROM stdin;
\.


--
-- Data for Name: django_admin_log; Type: TABLE DATA; Schema: public; Owner: postgres
--

COPY public.django_admin_log (id, action_time, object_id, object_repr, action_flag, change_message, content_type_id, user_id) FROM stdin;
\.


--
-- Data for Name: django_content_type; Type: TABLE DATA; Schema: public; Owner: postgres
--

COPY public.django_content_type (id, app_label, model) FROM stdin;
1	admin	logentry
2	auth	permission
3	auth	group
4	auth	user
5	contenttypes	contenttype
6	sessions	session
7	imputation	imputationjob
8	imputation	imputationservice
9	imputation	serviceconfiguration
10	imputation	resultfile
11	imputation	referencepanel
12	imputation	jobstatusupdate
13	imputation	userserviceaccess
14	imputation	servicepermission
15	imputation	serviceusergroup
16	imputation	userrole
17	imputation	userprofile
18	imputation	serviceusergroupmembership
19	imputation	auditlog
\.


--
-- Data for Name: django_migrations; Type: TABLE DATA; Schema: public; Owner: postgres
--

COPY public.django_migrations (id, app, name, applied) FROM stdin;
1	contenttypes	0001_initial	2025-08-04 10:36:37.638497+00
2	auth	0001_initial	2025-08-04 10:36:37.894158+00
3	admin	0001_initial	2025-08-04 10:36:37.955637+00
4	admin	0002_logentry_remove_auto_add	2025-08-04 10:36:37.968375+00
5	admin	0003_logentry_add_action_flag_choices	2025-08-04 10:36:37.982843+00
6	contenttypes	0002_remove_content_type_name	2025-08-04 10:36:38.004635+00
7	auth	0002_alter_permission_name_max_length	2025-08-04 10:36:38.019379+00
8	auth	0003_alter_user_email_max_length	2025-08-04 10:36:38.031488+00
9	auth	0004_alter_user_username_opts	2025-08-04 10:36:38.043453+00
10	auth	0005_alter_user_last_login_null	2025-08-04 10:36:38.058194+00
11	auth	0006_require_contenttypes_0002	2025-08-04 10:36:38.064918+00
12	auth	0007_alter_validators_add_error_messages	2025-08-04 10:36:38.07799+00
13	auth	0008_alter_user_username_max_length	2025-08-04 10:36:38.105518+00
14	auth	0009_alter_user_last_name_max_length	2025-08-04 10:36:38.121176+00
15	auth	0010_alter_group_name_max_length	2025-08-04 10:36:38.141225+00
16	auth	0011_update_proxy_permissions	2025-08-04 10:36:38.152663+00
17	auth	0012_alter_user_first_name_max_length	2025-08-04 10:36:38.165816+00
18	imputation	0001_initial	2025-08-04 10:36:38.536448+00
19	imputation	0002_add_api_type_config	2025-08-04 10:36:38.563387+00
20	imputation	0003_add_dnastack_api_type	2025-08-04 10:36:38.576163+00
21	imputation	0004_imputationjob_user_token	2025-08-04 10:36:38.59682+00
22	imputation	0005_add_location_to_service	2025-08-04 10:36:38.61122+00
23	sessions	0001_initial	2025-08-04 10:36:38.658672+00
24	imputation	0006_add_continent_field	2025-08-04 14:31:32.605187+00
25	imputation	0007_servicepermission_serviceusergroup_userrole_and_more	2025-08-04 16:12:18.247287+00
\.


--
-- Data for Name: django_session; Type: TABLE DATA; Schema: public; Owner: postgres
--

COPY public.django_session (session_key, session_data, expire_date) FROM stdin;
a6zhbqmxa3kc8frmlk8tjjp7kz14ttn4	.eJxVjDkOwjAUBe_iGlmOV0xJnzNYP3_BAeRIWSrE3SFSCmjfzLyXKrCttWwLz2UkdVFWnX63AfDBbQd0h3abNE5tncdB74o-6KL7ifh5Pdy_gwpL_dZIITpvE4kPGdlQoOgkoaGUxULywlECsXEg0UWhcwfccUA_QMSc1PsD_T441w:1uixr5:IoQvSXENBknEmiAn8Wo9WiKDWpFVEftJhDEtdMLyBqA	2025-08-11 16:16:07.792592+00
eui3cxkaln677m7vpcwmk8uagah73sxx	.eJxVjEEOwiAUBe_C2hCgQMGle89AHnyQqqFJaVfGu2uTLnT7Zua9WMC21rD1vISJ2JlJdvrdItIjtx3QHe028zS3dZki3xV-0M6vM-Xn5XD_Dip6_dYDKTUgOpjo3AhnlVdWFl0UEqiMMN6QgPbOWwEPoRU5QToZTZAxs_cH3y03-w:1uixrP:J1rKQHunNi2lBNKW-aGdeglPF-npzAlFiVmJBLGk4Ik	2025-08-11 16:16:27.258087+00
\.


--
-- Data for Name: imputation_auditlog; Type: TABLE DATA; Schema: public; Owner: postgres
--

COPY public.imputation_auditlog (id, action, resource_type, resource_id, details, ip_address, user_agent, "timestamp", user_id) FROM stdin;
\.


--
-- Data for Name: imputation_imputationjob; Type: TABLE DATA; Schema: public; Owner: postgres
--

COPY public.imputation_imputationjob (id, name, description, input_format, build, phasing, population, status, progress_percentage, external_job_id, input_file, input_file_size, result_files, created_at, updated_at, started_at, completed_at, execution_time_seconds, error_message, service_response, reference_panel_id, service_id, user_id, user_token) FROM stdin;
\.


--
-- Data for Name: imputation_imputationservice; Type: TABLE DATA; Schema: public; Owner: postgres
--

COPY public.imputation_imputationservice (id, name, service_type, api_url, description, is_active, created_at, updated_at, api_key_required, max_file_size_mb, supported_formats, api_config, api_key, api_type, location, continent) FROM stdin;
5	eLwazi Omics Platform	dnastack	https://platform.elwazi.org	eLwazi Omics Platform for genomic data analysis and imputation workflows	t	2025-08-04 13:23:17.890315+00	2025-08-04 14:42:29.352946+00	t	1000	["vcf", "vcf.gz", "plink", "bed", "bim", "fam"]	{"platform_type": "omics_platform", "supported_analyses": ["imputation", "gwas", "ancestry"], "compute_environments": ["cloud", "hpc"]}		dnastack	Witwatersrand University, Johannesburg, South Africa	Africa
1	H3Africa Imputation Service	h3africa	https://impute.afrigen-d.org	Pan-African imputation service with African-specific reference panels	t	2025-08-04 12:51:39.700497+00	2025-08-04 14:42:29.295097+00	t	100	["vcf", "vcf.gz"]	{}		michigan	H3Africa Consortium, Pan-African Network	Africa
2	Michigan Imputation Server	michigan	https://imputationserver.sph.umich.edu	Fast and accurate genotype imputation service	t	2025-08-04 12:51:39.72505+00	2025-08-04 14:42:29.327605+00	t	200	["vcf", "vcf.gz", "plink"]	{}		michigan	University of Michigan, Ann Arbor, Michigan, USA	North America
3	eLwazi MALI Node - Imputation Service	h3africa	http://elwazi-node.icermali.org:6000/ga4gh/wes/v1	GA4GH WES service at eLwazi Node supporting Nextflow and Snakemake workflows	t	2025-08-04 12:51:46.237638+00	2025-08-04 14:42:29.336023+00	f	500	["vcf", "vcf.gz", "plink"]	{"workflow_engines": ["NFL", "SMK"], "filesystem_protocols": ["file", "S3"]}		ga4gh	University of Sciences, Techniques and Technologies of Bamako, Bamako, Mali	Africa
4	eLwazi ILIFU Node - Imputation Service	h3africa	http://ga4gh-starter-kit.ilifu.ac.za:6000/ga4gh/wes/v1	GA4GH WES starter kit deployment at ILIFU for imputation workflows	t	2025-08-04 12:51:46.262406+00	2025-08-04 14:42:29.345412+00	f	500	["vcf", "vcf.gz", "plink"]	{"workflow_engines": ["NFL", "SMK"], "filesystem_protocols": ["file", "S3"]}		ga4gh	University of Cape Town, Cape Town, South Africa	Africa
\.


--
-- Data for Name: imputation_jobstatusupdate; Type: TABLE DATA; Schema: public; Owner: postgres
--

COPY public.imputation_jobstatusupdate (id, status, progress_percentage, message, "timestamp", external_data, job_id) FROM stdin;
\.


--
-- Data for Name: imputation_referencepanel; Type: TABLE DATA; Schema: public; Owner: postgres
--

COPY public.imputation_referencepanel (id, name, panel_id, description, population, build, samples_count, variants_count, is_active, created_at, updated_at, service_id) FROM stdin;
6	HRC r1.1 2016	michigan_panel_1	Haplotype Reference Consortium	Mixed	hg38	32488	39635008	t	2025-08-04 12:51:39.772389+00	2025-08-04 12:51:39.772402+00	2
7	1000G Phase 3 v5	michigan_panel_2	1000 Genomes Project Phase 3	Mixed	hg38	2504	49143605	t	2025-08-04 12:51:39.779209+00	2025-08-04 12:51:39.779222+00	2
8	CAAPA African American	michigan_panel_3	Consortium on Asthma among African-ancestry Populations	African American	hg38	883	31163897	t	2025-08-04 12:51:39.784926+00	2025-08-04 12:51:39.784938+00	2
9	Nextflow Imputation Pipeline	nfl-imputation-v1	Imputation pipeline using Nextflow workflow engine	African	hg38	5000	20000000	t	2025-08-04 12:51:46.246651+00	2025-08-04 12:51:46.246665+00	3
10	Snakemake Imputation Pipeline	smk-imputation-v1	Imputation pipeline using Snakemake workflow engine	African	hg38	5000	20000000	t	2025-08-04 12:51:46.253767+00	2025-08-04 12:51:46.253781+00	3
11	Nextflow Imputation Pipeline	nfl-imputation-v1	Imputation pipeline using Nextflow workflow engine	African	hg38	5000	20000000	t	2025-08-04 12:51:46.269608+00	2025-08-04 12:51:46.269621+00	4
12	Snakemake Imputation Pipeline	smk-imputation-v1	Imputation pipeline using Snakemake workflow engine	African	hg38	5000	20000000	t	2025-08-04 12:51:46.277107+00	2025-08-04 12:51:46.27712+00	4
13	African Genomics Panel	elwazi_african_v1	Comprehensive African genomics reference panel	African	hg38	8000	25000000	t	2025-08-04 13:23:17.901153+00	2025-08-04 13:23:17.901174+00	5
14	Pan-African Diversity Panel	elwazi_pan_african_v2	Pan-African population diversity reference panel	Pan-African	hg38	6500	22000000	t	2025-08-04 13:23:17.90803+00	2025-08-04 13:23:17.908043+00	5
16	1000 Genomes Phase 3 Version 5	1000g_phase3_v5	Global multi-ethnic reference panel with 2,504 samples from 26 populations across Europe, East Asia, South Asia, Africa, and the Americas. Contains 81,027,987 biallelic SNPs on chromosomes 1-22 and X.	Multi-ethnic	hg38	2504	81027987	t	2025-10-07 21:48:53.255222+00	2025-10-07 21:48:53.255222+00	1
15	H3AFRICA v6	apps@h3africa-v6hc-s@1.0.0	African-specific reference panel with 4,447 samples from 22 African countries. Contains 130,028,596 biallelic SNPs across chromosomes 1-22.	African	hg38	4447	130028596	t	2025-10-07 21:48:46.225409+00	2025-10-07 21:48:46.225409+00	1
\.


--
-- Data for Name: imputation_resultfile; Type: TABLE DATA; Schema: public; Owner: postgres
--

COPY public.imputation_resultfile (id, file_type, filename, file_path, download_url, file_size, checksum, is_available, expires_at, created_at, job_id) FROM stdin;
\.


--
-- Data for Name: imputation_serviceconfiguration; Type: TABLE DATA; Schema: public; Owner: postgres
--

COPY public.imputation_serviceconfiguration (id, api_key, api_secret, additional_headers, rate_limit_per_hour, timeout_seconds, retry_attempts, settings, created_at, updated_at, service_id) FROM stdin;
\.


--
-- Data for Name: imputation_servicepermission; Type: TABLE DATA; Schema: public; Owner: postgres
--

COPY public.imputation_servicepermission (id, permission, granted_at, expires_at, is_active, granted_by_id, service_id, user_id) FROM stdin;
\.


--
-- Data for Name: imputation_serviceusergroup; Type: TABLE DATA; Schema: public; Owner: postgres
--

COPY public.imputation_serviceusergroup (id, name, description, is_active, created_at, updated_at, created_by_id, service_id) FROM stdin;
\.


--
-- Data for Name: imputation_serviceusergroup_permissions; Type: TABLE DATA; Schema: public; Owner: postgres
--

COPY public.imputation_serviceusergroup_permissions (id, serviceusergroup_id, servicepermission_id) FROM stdin;
\.


--
-- Data for Name: imputation_serviceusergroupmembership; Type: TABLE DATA; Schema: public; Owner: postgres
--

COPY public.imputation_serviceusergroupmembership (id, joined_at, added_by_id, group_id, user_id) FROM stdin;
\.


--
-- Data for Name: imputation_userprofile; Type: TABLE DATA; Schema: public; Owner: postgres
--

COPY public.imputation_userprofile (id, organization, department, "position", phone, research_area, institution, country, preferred_language, timezone, email_notifications, is_verified, verification_date, last_activity, monthly_job_limit, monthly_jobs_used, storage_limit_gb, storage_used_gb, created_at, updated_at, role_id, user_id) FROM stdin;
1	Demo Organization	Genomics Research	Research Scientist		Population Genetics	Demo University	South Africa	en	UTC	t	t	\N	\N	50	0	1.00	0.00	2025-08-04 16:15:29.047088+00	2025-08-04 16:15:29.047104+00	3	2
2	System Administration	IT	System Administrator					en	UTC	t	t	\N	\N	1000	0	1.00	0.00	2025-08-04 16:15:30.05198+00	2025-08-04 16:15:30.051996+00	1	1
\.


--
-- Data for Name: imputation_userrole; Type: TABLE DATA; Schema: public; Owner: postgres
--

COPY public.imputation_userrole (id, name, description, is_active, created_at, updated_at) FROM stdin;
1	admin	System administrator with full access to all features	t	2025-08-04 16:15:28.415091+00	2025-08-04 16:15:28.415109+00
2	service_admin	Service administrator can manage services and users	t	2025-08-04 16:15:28.443779+00	2025-08-04 16:15:28.443792+00
3	researcher	Researcher can submit and manage their own jobs	t	2025-08-04 16:15:28.460197+00	2025-08-04 16:15:28.460211+00
4	service_user	Service user can submit basic jobs	t	2025-08-04 16:15:28.475461+00	2025-08-04 16:15:28.475477+00
5	viewer	Viewer can only view services and public information	t	2025-08-04 16:15:28.488192+00	2025-08-04 16:15:28.488204+00
\.


--
-- Data for Name: imputation_userrole_permissions; Type: TABLE DATA; Schema: public; Owner: postgres
--

COPY public.imputation_userrole_permissions (id, userrole_id, permission_id) FROM stdin;
1	1	1
2	1	2
3	1	3
4	1	4
5	1	5
6	1	6
7	1	7
8	1	8
9	1	9
10	1	10
11	1	11
12	1	12
13	1	13
14	1	14
15	1	15
16	1	16
17	1	17
18	1	18
19	1	19
20	1	20
21	1	21
22	1	22
23	1	23
24	1	24
25	1	25
26	1	26
27	1	27
28	1	28
29	1	29
30	1	30
31	1	31
32	1	32
33	1	33
34	1	34
35	1	35
36	1	36
37	1	37
38	1	38
39	1	39
40	1	40
41	1	41
42	1	42
43	1	43
44	1	44
45	1	45
46	1	46
47	1	47
48	1	48
49	1	49
50	1	50
51	1	51
52	1	52
53	1	53
54	1	54
55	1	55
56	1	56
57	1	57
58	1	58
59	1	59
60	1	60
61	1	61
62	1	62
63	1	63
64	1	64
65	1	65
66	1	66
67	1	67
68	1	68
69	1	69
70	1	70
71	1	71
72	1	72
73	1	73
74	1	74
75	1	75
76	1	76
77	2	32
78	2	13
79	2	14
80	2	16
81	2	29
82	2	30
83	3	32
84	3	25
85	3	26
86	3	28
87	4	32
88	4	25
89	4	28
90	5	32
\.


--
-- Data for Name: imputation_userserviceaccess; Type: TABLE DATA; Schema: public; Owner: postgres
--

COPY public.imputation_userserviceaccess (id, has_access, api_key, quota_limit, quota_used, last_used, created_at, updated_at, service_id, user_id) FROM stdin;
\.


--
-- Name: auth_group_id_seq; Type: SEQUENCE SET; Schema: public; Owner: postgres
--

SELECT pg_catalog.setval('public.auth_group_id_seq', 1, false);


--
-- Name: auth_group_permissions_id_seq; Type: SEQUENCE SET; Schema: public; Owner: postgres
--

SELECT pg_catalog.setval('public.auth_group_permissions_id_seq', 1, false);


--
-- Name: auth_permission_id_seq; Type: SEQUENCE SET; Schema: public; Owner: postgres
--

SELECT pg_catalog.setval('public.auth_permission_id_seq', 76, true);


--
-- Name: auth_user_groups_id_seq; Type: SEQUENCE SET; Schema: public; Owner: postgres
--

SELECT pg_catalog.setval('public.auth_user_groups_id_seq', 1, false);


--
-- Name: auth_user_id_seq; Type: SEQUENCE SET; Schema: public; Owner: postgres
--

SELECT pg_catalog.setval('public.auth_user_id_seq', 2, true);


--
-- Name: auth_user_user_permissions_id_seq; Type: SEQUENCE SET; Schema: public; Owner: postgres
--

SELECT pg_catalog.setval('public.auth_user_user_permissions_id_seq', 1, false);


--
-- Name: django_admin_log_id_seq; Type: SEQUENCE SET; Schema: public; Owner: postgres
--

SELECT pg_catalog.setval('public.django_admin_log_id_seq', 1, false);


--
-- Name: django_content_type_id_seq; Type: SEQUENCE SET; Schema: public; Owner: postgres
--

SELECT pg_catalog.setval('public.django_content_type_id_seq', 19, true);


--
-- Name: django_migrations_id_seq; Type: SEQUENCE SET; Schema: public; Owner: postgres
--

SELECT pg_catalog.setval('public.django_migrations_id_seq', 25, true);


--
-- Name: imputation_auditlog_id_seq; Type: SEQUENCE SET; Schema: public; Owner: postgres
--

SELECT pg_catalog.setval('public.imputation_auditlog_id_seq', 1, false);


--
-- Name: imputation_imputationservice_id_seq; Type: SEQUENCE SET; Schema: public; Owner: postgres
--

SELECT pg_catalog.setval('public.imputation_imputationservice_id_seq', 5, true);


--
-- Name: imputation_jobstatusupdate_id_seq; Type: SEQUENCE SET; Schema: public; Owner: postgres
--

SELECT pg_catalog.setval('public.imputation_jobstatusupdate_id_seq', 1, false);


--
-- Name: imputation_referencepanel_id_seq; Type: SEQUENCE SET; Schema: public; Owner: postgres
--

SELECT pg_catalog.setval('public.imputation_referencepanel_id_seq', 16, true);


--
-- Name: imputation_resultfile_id_seq; Type: SEQUENCE SET; Schema: public; Owner: postgres
--

SELECT pg_catalog.setval('public.imputation_resultfile_id_seq', 1, false);


--
-- Name: imputation_serviceconfiguration_id_seq; Type: SEQUENCE SET; Schema: public; Owner: postgres
--

SELECT pg_catalog.setval('public.imputation_serviceconfiguration_id_seq', 1, false);


--
-- Name: imputation_servicepermission_id_seq; Type: SEQUENCE SET; Schema: public; Owner: postgres
--

SELECT pg_catalog.setval('public.imputation_servicepermission_id_seq', 1, false);


--
-- Name: imputation_serviceusergroup_id_seq; Type: SEQUENCE SET; Schema: public; Owner: postgres
--

SELECT pg_catalog.setval('public.imputation_serviceusergroup_id_seq', 1, false);


--
-- Name: imputation_serviceusergroup_permissions_id_seq; Type: SEQUENCE SET; Schema: public; Owner: postgres
--

SELECT pg_catalog.setval('public.imputation_serviceusergroup_permissions_id_seq', 1, false);


--
-- Name: imputation_serviceusergroupmembership_id_seq; Type: SEQUENCE SET; Schema: public; Owner: postgres
--

SELECT pg_catalog.setval('public.imputation_serviceusergroupmembership_id_seq', 1, false);


--
-- Name: imputation_userprofile_id_seq; Type: SEQUENCE SET; Schema: public; Owner: postgres
--

SELECT pg_catalog.setval('public.imputation_userprofile_id_seq', 2, true);


--
-- Name: imputation_userrole_id_seq; Type: SEQUENCE SET; Schema: public; Owner: postgres
--

SELECT pg_catalog.setval('public.imputation_userrole_id_seq', 5, true);


--
-- Name: imputation_userrole_permissions_id_seq; Type: SEQUENCE SET; Schema: public; Owner: postgres
--

SELECT pg_catalog.setval('public.imputation_userrole_permissions_id_seq', 90, true);


--
-- Name: imputation_userserviceaccess_id_seq; Type: SEQUENCE SET; Schema: public; Owner: postgres
--

SELECT pg_catalog.setval('public.imputation_userserviceaccess_id_seq', 1, false);


--
-- Name: auth_group auth_group_name_key; Type: CONSTRAINT; Schema: public; Owner: postgres
--

ALTER TABLE ONLY public.auth_group
    ADD CONSTRAINT auth_group_name_key UNIQUE (name);


--
-- Name: auth_group_permissions auth_group_permissions_group_id_permission_id_0cd325b0_uniq; Type: CONSTRAINT; Schema: public; Owner: postgres
--

ALTER TABLE ONLY public.auth_group_permissions
    ADD CONSTRAINT auth_group_permissions_group_id_permission_id_0cd325b0_uniq UNIQUE (group_id, permission_id);


--
-- Name: auth_group_permissions auth_group_permissions_pkey; Type: CONSTRAINT; Schema: public; Owner: postgres
--

ALTER TABLE ONLY public.auth_group_permissions
    ADD CONSTRAINT auth_group_permissions_pkey PRIMARY KEY (id);


--
-- Name: auth_group auth_group_pkey; Type: CONSTRAINT; Schema: public; Owner: postgres
--

ALTER TABLE ONLY public.auth_group
    ADD CONSTRAINT auth_group_pkey PRIMARY KEY (id);


--
-- Name: auth_permission auth_permission_content_type_id_codename_01ab375a_uniq; Type: CONSTRAINT; Schema: public; Owner: postgres
--

ALTER TABLE ONLY public.auth_permission
    ADD CONSTRAINT auth_permission_content_type_id_codename_01ab375a_uniq UNIQUE (content_type_id, codename);


--
-- Name: auth_permission auth_permission_pkey; Type: CONSTRAINT; Schema: public; Owner: postgres
--

ALTER TABLE ONLY public.auth_permission
    ADD CONSTRAINT auth_permission_pkey PRIMARY KEY (id);


--
-- Name: auth_user_groups auth_user_groups_pkey; Type: CONSTRAINT; Schema: public; Owner: postgres
--

ALTER TABLE ONLY public.auth_user_groups
    ADD CONSTRAINT auth_user_groups_pkey PRIMARY KEY (id);


--
-- Name: auth_user_groups auth_user_groups_user_id_group_id_94350c0c_uniq; Type: CONSTRAINT; Schema: public; Owner: postgres
--

ALTER TABLE ONLY public.auth_user_groups
    ADD CONSTRAINT auth_user_groups_user_id_group_id_94350c0c_uniq UNIQUE (user_id, group_id);


--
-- Name: auth_user auth_user_pkey; Type: CONSTRAINT; Schema: public; Owner: postgres
--

ALTER TABLE ONLY public.auth_user
    ADD CONSTRAINT auth_user_pkey PRIMARY KEY (id);


--
-- Name: auth_user_user_permissions auth_user_user_permissions_pkey; Type: CONSTRAINT; Schema: public; Owner: postgres
--

ALTER TABLE ONLY public.auth_user_user_permissions
    ADD CONSTRAINT auth_user_user_permissions_pkey PRIMARY KEY (id);


--
-- Name: auth_user_user_permissions auth_user_user_permissions_user_id_permission_id_14a6b632_uniq; Type: CONSTRAINT; Schema: public; Owner: postgres
--

ALTER TABLE ONLY public.auth_user_user_permissions
    ADD CONSTRAINT auth_user_user_permissions_user_id_permission_id_14a6b632_uniq UNIQUE (user_id, permission_id);


--
-- Name: auth_user auth_user_username_key; Type: CONSTRAINT; Schema: public; Owner: postgres
--

ALTER TABLE ONLY public.auth_user
    ADD CONSTRAINT auth_user_username_key UNIQUE (username);


--
-- Name: django_admin_log django_admin_log_pkey; Type: CONSTRAINT; Schema: public; Owner: postgres
--

ALTER TABLE ONLY public.django_admin_log
    ADD CONSTRAINT django_admin_log_pkey PRIMARY KEY (id);


--
-- Name: django_content_type django_content_type_app_label_model_76bd3d3b_uniq; Type: CONSTRAINT; Schema: public; Owner: postgres
--

ALTER TABLE ONLY public.django_content_type
    ADD CONSTRAINT django_content_type_app_label_model_76bd3d3b_uniq UNIQUE (app_label, model);


--
-- Name: django_content_type django_content_type_pkey; Type: CONSTRAINT; Schema: public; Owner: postgres
--

ALTER TABLE ONLY public.django_content_type
    ADD CONSTRAINT django_content_type_pkey PRIMARY KEY (id);


--
-- Name: django_migrations django_migrations_pkey; Type: CONSTRAINT; Schema: public; Owner: postgres
--

ALTER TABLE ONLY public.django_migrations
    ADD CONSTRAINT django_migrations_pkey PRIMARY KEY (id);


--
-- Name: django_session django_session_pkey; Type: CONSTRAINT; Schema: public; Owner: postgres
--

ALTER TABLE ONLY public.django_session
    ADD CONSTRAINT django_session_pkey PRIMARY KEY (session_key);


--
-- Name: imputation_auditlog imputation_auditlog_pkey; Type: CONSTRAINT; Schema: public; Owner: postgres
--

ALTER TABLE ONLY public.imputation_auditlog
    ADD CONSTRAINT imputation_auditlog_pkey PRIMARY KEY (id);


--
-- Name: imputation_imputationjob imputation_imputationjob_pkey; Type: CONSTRAINT; Schema: public; Owner: postgres
--

ALTER TABLE ONLY public.imputation_imputationjob
    ADD CONSTRAINT imputation_imputationjob_pkey PRIMARY KEY (id);


--
-- Name: imputation_imputationservice imputation_imputationservice_name_key; Type: CONSTRAINT; Schema: public; Owner: postgres
--

ALTER TABLE ONLY public.imputation_imputationservice
    ADD CONSTRAINT imputation_imputationservice_name_key UNIQUE (name);


--
-- Name: imputation_imputationservice imputation_imputationservice_pkey; Type: CONSTRAINT; Schema: public; Owner: postgres
--

ALTER TABLE ONLY public.imputation_imputationservice
    ADD CONSTRAINT imputation_imputationservice_pkey PRIMARY KEY (id);


--
-- Name: imputation_jobstatusupdate imputation_jobstatusupdate_pkey; Type: CONSTRAINT; Schema: public; Owner: postgres
--

ALTER TABLE ONLY public.imputation_jobstatusupdate
    ADD CONSTRAINT imputation_jobstatusupdate_pkey PRIMARY KEY (id);


--
-- Name: imputation_referencepanel imputation_referencepanel_pkey; Type: CONSTRAINT; Schema: public; Owner: postgres
--

ALTER TABLE ONLY public.imputation_referencepanel
    ADD CONSTRAINT imputation_referencepanel_pkey PRIMARY KEY (id);


--
-- Name: imputation_referencepanel imputation_referencepanel_service_id_panel_id_6cf47202_uniq; Type: CONSTRAINT; Schema: public; Owner: postgres
--

ALTER TABLE ONLY public.imputation_referencepanel
    ADD CONSTRAINT imputation_referencepanel_service_id_panel_id_6cf47202_uniq UNIQUE (service_id, panel_id);


--
-- Name: imputation_resultfile imputation_resultfile_pkey; Type: CONSTRAINT; Schema: public; Owner: postgres
--

ALTER TABLE ONLY public.imputation_resultfile
    ADD CONSTRAINT imputation_resultfile_pkey PRIMARY KEY (id);


--
-- Name: imputation_serviceconfiguration imputation_serviceconfiguration_pkey; Type: CONSTRAINT; Schema: public; Owner: postgres
--

ALTER TABLE ONLY public.imputation_serviceconfiguration
    ADD CONSTRAINT imputation_serviceconfiguration_pkey PRIMARY KEY (id);


--
-- Name: imputation_serviceconfiguration imputation_serviceconfiguration_service_id_key; Type: CONSTRAINT; Schema: public; Owner: postgres
--

ALTER TABLE ONLY public.imputation_serviceconfiguration
    ADD CONSTRAINT imputation_serviceconfiguration_service_id_key UNIQUE (service_id);


--
-- Name: imputation_servicepermission imputation_servicepermis_service_id_user_id_permi_98ebef37_uniq; Type: CONSTRAINT; Schema: public; Owner: postgres
--

ALTER TABLE ONLY public.imputation_servicepermission
    ADD CONSTRAINT imputation_servicepermis_service_id_user_id_permi_98ebef37_uniq UNIQUE (service_id, user_id, permission);


--
-- Name: imputation_servicepermission imputation_servicepermission_pkey; Type: CONSTRAINT; Schema: public; Owner: postgres
--

ALTER TABLE ONLY public.imputation_servicepermission
    ADD CONSTRAINT imputation_servicepermission_pkey PRIMARY KEY (id);


--
-- Name: imputation_serviceusergroupmembership imputation_serviceusergr_group_id_user_id_1d2d03c3_uniq; Type: CONSTRAINT; Schema: public; Owner: postgres
--

ALTER TABLE ONLY public.imputation_serviceusergroupmembership
    ADD CONSTRAINT imputation_serviceusergr_group_id_user_id_1d2d03c3_uniq UNIQUE (group_id, user_id);


--
-- Name: imputation_serviceusergroup_permissions imputation_serviceusergr_serviceusergroup_id_serv_a2176c4b_uniq; Type: CONSTRAINT; Schema: public; Owner: postgres
--

ALTER TABLE ONLY public.imputation_serviceusergroup_permissions
    ADD CONSTRAINT imputation_serviceusergr_serviceusergroup_id_serv_a2176c4b_uniq UNIQUE (serviceusergroup_id, servicepermission_id);


--
-- Name: imputation_serviceusergroup imputation_serviceusergroup_name_service_id_fd7ff772_uniq; Type: CONSTRAINT; Schema: public; Owner: postgres
--

ALTER TABLE ONLY public.imputation_serviceusergroup
    ADD CONSTRAINT imputation_serviceusergroup_name_service_id_fd7ff772_uniq UNIQUE (name, service_id);


--
-- Name: imputation_serviceusergroup_permissions imputation_serviceusergroup_permissions_pkey; Type: CONSTRAINT; Schema: public; Owner: postgres
--

ALTER TABLE ONLY public.imputation_serviceusergroup_permissions
    ADD CONSTRAINT imputation_serviceusergroup_permissions_pkey PRIMARY KEY (id);


--
-- Name: imputation_serviceusergroup imputation_serviceusergroup_pkey; Type: CONSTRAINT; Schema: public; Owner: postgres
--

ALTER TABLE ONLY public.imputation_serviceusergroup
    ADD CONSTRAINT imputation_serviceusergroup_pkey PRIMARY KEY (id);


--
-- Name: imputation_serviceusergroupmembership imputation_serviceusergroupmembership_pkey; Type: CONSTRAINT; Schema: public; Owner: postgres
--

ALTER TABLE ONLY public.imputation_serviceusergroupmembership
    ADD CONSTRAINT imputation_serviceusergroupmembership_pkey PRIMARY KEY (id);


--
-- Name: imputation_userprofile imputation_userprofile_pkey; Type: CONSTRAINT; Schema: public; Owner: postgres
--

ALTER TABLE ONLY public.imputation_userprofile
    ADD CONSTRAINT imputation_userprofile_pkey PRIMARY KEY (id);


--
-- Name: imputation_userprofile imputation_userprofile_user_id_key; Type: CONSTRAINT; Schema: public; Owner: postgres
--

ALTER TABLE ONLY public.imputation_userprofile
    ADD CONSTRAINT imputation_userprofile_user_id_key UNIQUE (user_id);


--
-- Name: imputation_userrole imputation_userrole_name_key; Type: CONSTRAINT; Schema: public; Owner: postgres
--

ALTER TABLE ONLY public.imputation_userrole
    ADD CONSTRAINT imputation_userrole_name_key UNIQUE (name);


--
-- Name: imputation_userrole_permissions imputation_userrole_perm_userrole_id_permission_i_0692dac6_uniq; Type: CONSTRAINT; Schema: public; Owner: postgres
--

ALTER TABLE ONLY public.imputation_userrole_permissions
    ADD CONSTRAINT imputation_userrole_perm_userrole_id_permission_i_0692dac6_uniq UNIQUE (userrole_id, permission_id);


--
-- Name: imputation_userrole_permissions imputation_userrole_permissions_pkey; Type: CONSTRAINT; Schema: public; Owner: postgres
--

ALTER TABLE ONLY public.imputation_userrole_permissions
    ADD CONSTRAINT imputation_userrole_permissions_pkey PRIMARY KEY (id);


--
-- Name: imputation_userrole imputation_userrole_pkey; Type: CONSTRAINT; Schema: public; Owner: postgres
--

ALTER TABLE ONLY public.imputation_userrole
    ADD CONSTRAINT imputation_userrole_pkey PRIMARY KEY (id);


--
-- Name: imputation_userserviceaccess imputation_userserviceaccess_pkey; Type: CONSTRAINT; Schema: public; Owner: postgres
--

ALTER TABLE ONLY public.imputation_userserviceaccess
    ADD CONSTRAINT imputation_userserviceaccess_pkey PRIMARY KEY (id);


--
-- Name: imputation_userserviceaccess imputation_userserviceaccess_user_id_service_id_e2ec859b_uniq; Type: CONSTRAINT; Schema: public; Owner: postgres
--

ALTER TABLE ONLY public.imputation_userserviceaccess
    ADD CONSTRAINT imputation_userserviceaccess_user_id_service_id_e2ec859b_uniq UNIQUE (user_id, service_id);


--
-- Name: auth_group_name_a6ea08ec_like; Type: INDEX; Schema: public; Owner: postgres
--

CREATE INDEX auth_group_name_a6ea08ec_like ON public.auth_group USING btree (name varchar_pattern_ops);


--
-- Name: auth_group_permissions_group_id_b120cbf9; Type: INDEX; Schema: public; Owner: postgres
--

CREATE INDEX auth_group_permissions_group_id_b120cbf9 ON public.auth_group_permissions USING btree (group_id);


--
-- Name: auth_group_permissions_permission_id_84c5c92e; Type: INDEX; Schema: public; Owner: postgres
--

CREATE INDEX auth_group_permissions_permission_id_84c5c92e ON public.auth_group_permissions USING btree (permission_id);


--
-- Name: auth_permission_content_type_id_2f476e4b; Type: INDEX; Schema: public; Owner: postgres
--

CREATE INDEX auth_permission_content_type_id_2f476e4b ON public.auth_permission USING btree (content_type_id);


--
-- Name: auth_user_groups_group_id_97559544; Type: INDEX; Schema: public; Owner: postgres
--

CREATE INDEX auth_user_groups_group_id_97559544 ON public.auth_user_groups USING btree (group_id);


--
-- Name: auth_user_groups_user_id_6a12ed8b; Type: INDEX; Schema: public; Owner: postgres
--

CREATE INDEX auth_user_groups_user_id_6a12ed8b ON public.auth_user_groups USING btree (user_id);


--
-- Name: auth_user_user_permissions_permission_id_1fbb5f2c; Type: INDEX; Schema: public; Owner: postgres
--

CREATE INDEX auth_user_user_permissions_permission_id_1fbb5f2c ON public.auth_user_user_permissions USING btree (permission_id);


--
-- Name: auth_user_user_permissions_user_id_a95ead1b; Type: INDEX; Schema: public; Owner: postgres
--

CREATE INDEX auth_user_user_permissions_user_id_a95ead1b ON public.auth_user_user_permissions USING btree (user_id);


--
-- Name: auth_user_username_6821ab7c_like; Type: INDEX; Schema: public; Owner: postgres
--

CREATE INDEX auth_user_username_6821ab7c_like ON public.auth_user USING btree (username varchar_pattern_ops);


--
-- Name: django_admin_log_content_type_id_c4bce8eb; Type: INDEX; Schema: public; Owner: postgres
--

CREATE INDEX django_admin_log_content_type_id_c4bce8eb ON public.django_admin_log USING btree (content_type_id);


--
-- Name: django_admin_log_user_id_c564eba6; Type: INDEX; Schema: public; Owner: postgres
--

CREATE INDEX django_admin_log_user_id_c564eba6 ON public.django_admin_log USING btree (user_id);


--
-- Name: django_session_expire_date_a5c62663; Type: INDEX; Schema: public; Owner: postgres
--

CREATE INDEX django_session_expire_date_a5c62663 ON public.django_session USING btree (expire_date);


--
-- Name: django_session_session_key_c0390e0f_like; Type: INDEX; Schema: public; Owner: postgres
--

CREATE INDEX django_session_session_key_c0390e0f_like ON public.django_session USING btree (session_key varchar_pattern_ops);


--
-- Name: imputation__action_a8883e_idx; Type: INDEX; Schema: public; Owner: postgres
--

CREATE INDEX imputation__action_a8883e_idx ON public.imputation_auditlog USING btree (action, "timestamp");


--
-- Name: imputation__resourc_efd7a1_idx; Type: INDEX; Schema: public; Owner: postgres
--

CREATE INDEX imputation__resourc_efd7a1_idx ON public.imputation_auditlog USING btree (resource_type, resource_id);


--
-- Name: imputation__user_id_ee1103_idx; Type: INDEX; Schema: public; Owner: postgres
--

CREATE INDEX imputation__user_id_ee1103_idx ON public.imputation_auditlog USING btree (user_id, action, "timestamp");


--
-- Name: imputation_auditlog_user_id_349106f2; Type: INDEX; Schema: public; Owner: postgres
--

CREATE INDEX imputation_auditlog_user_id_349106f2 ON public.imputation_auditlog USING btree (user_id);


--
-- Name: imputation_imputationjob_reference_panel_id_8402c235; Type: INDEX; Schema: public; Owner: postgres
--

CREATE INDEX imputation_imputationjob_reference_panel_id_8402c235 ON public.imputation_imputationjob USING btree (reference_panel_id);


--
-- Name: imputation_imputationjob_service_id_438b42cf; Type: INDEX; Schema: public; Owner: postgres
--

CREATE INDEX imputation_imputationjob_service_id_438b42cf ON public.imputation_imputationjob USING btree (service_id);


--
-- Name: imputation_imputationjob_user_id_a3ee8bfc; Type: INDEX; Schema: public; Owner: postgres
--

CREATE INDEX imputation_imputationjob_user_id_a3ee8bfc ON public.imputation_imputationjob USING btree (user_id);


--
-- Name: imputation_imputationservice_name_f551f52d_like; Type: INDEX; Schema: public; Owner: postgres
--

CREATE INDEX imputation_imputationservice_name_f551f52d_like ON public.imputation_imputationservice USING btree (name varchar_pattern_ops);


--
-- Name: imputation_jobstatusupdate_job_id_9325398e; Type: INDEX; Schema: public; Owner: postgres
--

CREATE INDEX imputation_jobstatusupdate_job_id_9325398e ON public.imputation_jobstatusupdate USING btree (job_id);


--
-- Name: imputation_referencepanel_service_id_64ea7e68; Type: INDEX; Schema: public; Owner: postgres
--

CREATE INDEX imputation_referencepanel_service_id_64ea7e68 ON public.imputation_referencepanel USING btree (service_id);


--
-- Name: imputation_resultfile_job_id_1efffc2d; Type: INDEX; Schema: public; Owner: postgres
--

CREATE INDEX imputation_resultfile_job_id_1efffc2d ON public.imputation_resultfile USING btree (job_id);


--
-- Name: imputation_servicepermission_granted_by_id_cac2e2c2; Type: INDEX; Schema: public; Owner: postgres
--

CREATE INDEX imputation_servicepermission_granted_by_id_cac2e2c2 ON public.imputation_servicepermission USING btree (granted_by_id);


--
-- Name: imputation_servicepermission_service_id_9b31edbe; Type: INDEX; Schema: public; Owner: postgres
--

CREATE INDEX imputation_servicepermission_service_id_9b31edbe ON public.imputation_servicepermission USING btree (service_id);


--
-- Name: imputation_servicepermission_user_id_ec38678d; Type: INDEX; Schema: public; Owner: postgres
--

CREATE INDEX imputation_servicepermission_user_id_ec38678d ON public.imputation_servicepermission USING btree (user_id);


--
-- Name: imputation_serviceusergrou_servicepermission_id_3417efe9; Type: INDEX; Schema: public; Owner: postgres
--

CREATE INDEX imputation_serviceusergrou_servicepermission_id_3417efe9 ON public.imputation_serviceusergroup_permissions USING btree (servicepermission_id);


--
-- Name: imputation_serviceusergrou_serviceusergroup_id_9a79f444; Type: INDEX; Schema: public; Owner: postgres
--

CREATE INDEX imputation_serviceusergrou_serviceusergroup_id_9a79f444 ON public.imputation_serviceusergroup_permissions USING btree (serviceusergroup_id);


--
-- Name: imputation_serviceusergroup_created_by_id_8decc2ad; Type: INDEX; Schema: public; Owner: postgres
--

CREATE INDEX imputation_serviceusergroup_created_by_id_8decc2ad ON public.imputation_serviceusergroup USING btree (created_by_id);


--
-- Name: imputation_serviceusergroup_service_id_c89bc623; Type: INDEX; Schema: public; Owner: postgres
--

CREATE INDEX imputation_serviceusergroup_service_id_c89bc623 ON public.imputation_serviceusergroup USING btree (service_id);


--
-- Name: imputation_serviceusergroupmembership_added_by_id_30853f84; Type: INDEX; Schema: public; Owner: postgres
--

CREATE INDEX imputation_serviceusergroupmembership_added_by_id_30853f84 ON public.imputation_serviceusergroupmembership USING btree (added_by_id);


--
-- Name: imputation_serviceusergroupmembership_group_id_0c64a03d; Type: INDEX; Schema: public; Owner: postgres
--

CREATE INDEX imputation_serviceusergroupmembership_group_id_0c64a03d ON public.imputation_serviceusergroupmembership USING btree (group_id);


--
-- Name: imputation_serviceusergroupmembership_user_id_399eb711; Type: INDEX; Schema: public; Owner: postgres
--

CREATE INDEX imputation_serviceusergroupmembership_user_id_399eb711 ON public.imputation_serviceusergroupmembership USING btree (user_id);


--
-- Name: imputation_userprofile_role_id_e9406000; Type: INDEX; Schema: public; Owner: postgres
--

CREATE INDEX imputation_userprofile_role_id_e9406000 ON public.imputation_userprofile USING btree (role_id);


--
-- Name: imputation_userrole_name_4de854f8_like; Type: INDEX; Schema: public; Owner: postgres
--

CREATE INDEX imputation_userrole_name_4de854f8_like ON public.imputation_userrole USING btree (name varchar_pattern_ops);


--
-- Name: imputation_userrole_permissions_permission_id_c9c8fcb2; Type: INDEX; Schema: public; Owner: postgres
--

CREATE INDEX imputation_userrole_permissions_permission_id_c9c8fcb2 ON public.imputation_userrole_permissions USING btree (permission_id);


--
-- Name: imputation_userrole_permissions_userrole_id_aef4b231; Type: INDEX; Schema: public; Owner: postgres
--

CREATE INDEX imputation_userrole_permissions_userrole_id_aef4b231 ON public.imputation_userrole_permissions USING btree (userrole_id);


--
-- Name: imputation_userserviceaccess_service_id_7b15ee8d; Type: INDEX; Schema: public; Owner: postgres
--

CREATE INDEX imputation_userserviceaccess_service_id_7b15ee8d ON public.imputation_userserviceaccess USING btree (service_id);


--
-- Name: imputation_userserviceaccess_user_id_563b98ee; Type: INDEX; Schema: public; Owner: postgres
--

CREATE INDEX imputation_userserviceaccess_user_id_563b98ee ON public.imputation_userserviceaccess USING btree (user_id);


--
-- Name: auth_group_permissions auth_group_permissio_permission_id_84c5c92e_fk_auth_perm; Type: FK CONSTRAINT; Schema: public; Owner: postgres
--

ALTER TABLE ONLY public.auth_group_permissions
    ADD CONSTRAINT auth_group_permissio_permission_id_84c5c92e_fk_auth_perm FOREIGN KEY (permission_id) REFERENCES public.auth_permission(id) DEFERRABLE INITIALLY DEFERRED;


--
-- Name: auth_group_permissions auth_group_permissions_group_id_b120cbf9_fk_auth_group_id; Type: FK CONSTRAINT; Schema: public; Owner: postgres
--

ALTER TABLE ONLY public.auth_group_permissions
    ADD CONSTRAINT auth_group_permissions_group_id_b120cbf9_fk_auth_group_id FOREIGN KEY (group_id) REFERENCES public.auth_group(id) DEFERRABLE INITIALLY DEFERRED;


--
-- Name: auth_permission auth_permission_content_type_id_2f476e4b_fk_django_co; Type: FK CONSTRAINT; Schema: public; Owner: postgres
--

ALTER TABLE ONLY public.auth_permission
    ADD CONSTRAINT auth_permission_content_type_id_2f476e4b_fk_django_co FOREIGN KEY (content_type_id) REFERENCES public.django_content_type(id) DEFERRABLE INITIALLY DEFERRED;


--
-- Name: auth_user_groups auth_user_groups_group_id_97559544_fk_auth_group_id; Type: FK CONSTRAINT; Schema: public; Owner: postgres
--

ALTER TABLE ONLY public.auth_user_groups
    ADD CONSTRAINT auth_user_groups_group_id_97559544_fk_auth_group_id FOREIGN KEY (group_id) REFERENCES public.auth_group(id) DEFERRABLE INITIALLY DEFERRED;


--
-- Name: auth_user_groups auth_user_groups_user_id_6a12ed8b_fk_auth_user_id; Type: FK CONSTRAINT; Schema: public; Owner: postgres
--

ALTER TABLE ONLY public.auth_user_groups
    ADD CONSTRAINT auth_user_groups_user_id_6a12ed8b_fk_auth_user_id FOREIGN KEY (user_id) REFERENCES public.auth_user(id) DEFERRABLE INITIALLY DEFERRED;


--
-- Name: auth_user_user_permissions auth_user_user_permi_permission_id_1fbb5f2c_fk_auth_perm; Type: FK CONSTRAINT; Schema: public; Owner: postgres
--

ALTER TABLE ONLY public.auth_user_user_permissions
    ADD CONSTRAINT auth_user_user_permi_permission_id_1fbb5f2c_fk_auth_perm FOREIGN KEY (permission_id) REFERENCES public.auth_permission(id) DEFERRABLE INITIALLY DEFERRED;


--
-- Name: auth_user_user_permissions auth_user_user_permissions_user_id_a95ead1b_fk_auth_user_id; Type: FK CONSTRAINT; Schema: public; Owner: postgres
--

ALTER TABLE ONLY public.auth_user_user_permissions
    ADD CONSTRAINT auth_user_user_permissions_user_id_a95ead1b_fk_auth_user_id FOREIGN KEY (user_id) REFERENCES public.auth_user(id) DEFERRABLE INITIALLY DEFERRED;


--
-- Name: django_admin_log django_admin_log_content_type_id_c4bce8eb_fk_django_co; Type: FK CONSTRAINT; Schema: public; Owner: postgres
--

ALTER TABLE ONLY public.django_admin_log
    ADD CONSTRAINT django_admin_log_content_type_id_c4bce8eb_fk_django_co FOREIGN KEY (content_type_id) REFERENCES public.django_content_type(id) DEFERRABLE INITIALLY DEFERRED;


--
-- Name: django_admin_log django_admin_log_user_id_c564eba6_fk_auth_user_id; Type: FK CONSTRAINT; Schema: public; Owner: postgres
--

ALTER TABLE ONLY public.django_admin_log
    ADD CONSTRAINT django_admin_log_user_id_c564eba6_fk_auth_user_id FOREIGN KEY (user_id) REFERENCES public.auth_user(id) DEFERRABLE INITIALLY DEFERRED;


--
-- Name: imputation_auditlog imputation_auditlog_user_id_349106f2_fk_auth_user_id; Type: FK CONSTRAINT; Schema: public; Owner: postgres
--

ALTER TABLE ONLY public.imputation_auditlog
    ADD CONSTRAINT imputation_auditlog_user_id_349106f2_fk_auth_user_id FOREIGN KEY (user_id) REFERENCES public.auth_user(id) DEFERRABLE INITIALLY DEFERRED;


--
-- Name: imputation_imputationjob imputation_imputatio_reference_panel_id_8402c235_fk_imputatio; Type: FK CONSTRAINT; Schema: public; Owner: postgres
--

ALTER TABLE ONLY public.imputation_imputationjob
    ADD CONSTRAINT imputation_imputatio_reference_panel_id_8402c235_fk_imputatio FOREIGN KEY (reference_panel_id) REFERENCES public.imputation_referencepanel(id) DEFERRABLE INITIALLY DEFERRED;


--
-- Name: imputation_imputationjob imputation_imputatio_service_id_438b42cf_fk_imputatio; Type: FK CONSTRAINT; Schema: public; Owner: postgres
--

ALTER TABLE ONLY public.imputation_imputationjob
    ADD CONSTRAINT imputation_imputatio_service_id_438b42cf_fk_imputatio FOREIGN KEY (service_id) REFERENCES public.imputation_imputationservice(id) DEFERRABLE INITIALLY DEFERRED;


--
-- Name: imputation_imputationjob imputation_imputationjob_user_id_a3ee8bfc_fk_auth_user_id; Type: FK CONSTRAINT; Schema: public; Owner: postgres
--

ALTER TABLE ONLY public.imputation_imputationjob
    ADD CONSTRAINT imputation_imputationjob_user_id_a3ee8bfc_fk_auth_user_id FOREIGN KEY (user_id) REFERENCES public.auth_user(id) DEFERRABLE INITIALLY DEFERRED;


--
-- Name: imputation_jobstatusupdate imputation_jobstatus_job_id_9325398e_fk_imputatio; Type: FK CONSTRAINT; Schema: public; Owner: postgres
--

ALTER TABLE ONLY public.imputation_jobstatusupdate
    ADD CONSTRAINT imputation_jobstatus_job_id_9325398e_fk_imputatio FOREIGN KEY (job_id) REFERENCES public.imputation_imputationjob(id) DEFERRABLE INITIALLY DEFERRED;


--
-- Name: imputation_referencepanel imputation_reference_service_id_64ea7e68_fk_imputatio; Type: FK CONSTRAINT; Schema: public; Owner: postgres
--

ALTER TABLE ONLY public.imputation_referencepanel
    ADD CONSTRAINT imputation_reference_service_id_64ea7e68_fk_imputatio FOREIGN KEY (service_id) REFERENCES public.imputation_imputationservice(id) DEFERRABLE INITIALLY DEFERRED;


--
-- Name: imputation_resultfile imputation_resultfil_job_id_1efffc2d_fk_imputatio; Type: FK CONSTRAINT; Schema: public; Owner: postgres
--

ALTER TABLE ONLY public.imputation_resultfile
    ADD CONSTRAINT imputation_resultfil_job_id_1efffc2d_fk_imputatio FOREIGN KEY (job_id) REFERENCES public.imputation_imputationjob(id) DEFERRABLE INITIALLY DEFERRED;


--
-- Name: imputation_serviceconfiguration imputation_serviceco_service_id_656c36c3_fk_imputatio; Type: FK CONSTRAINT; Schema: public; Owner: postgres
--

ALTER TABLE ONLY public.imputation_serviceconfiguration
    ADD CONSTRAINT imputation_serviceco_service_id_656c36c3_fk_imputatio FOREIGN KEY (service_id) REFERENCES public.imputation_imputationservice(id) DEFERRABLE INITIALLY DEFERRED;


--
-- Name: imputation_servicepermission imputation_servicepe_granted_by_id_cac2e2c2_fk_auth_user; Type: FK CONSTRAINT; Schema: public; Owner: postgres
--

ALTER TABLE ONLY public.imputation_servicepermission
    ADD CONSTRAINT imputation_servicepe_granted_by_id_cac2e2c2_fk_auth_user FOREIGN KEY (granted_by_id) REFERENCES public.auth_user(id) DEFERRABLE INITIALLY DEFERRED;


--
-- Name: imputation_servicepermission imputation_servicepe_service_id_9b31edbe_fk_imputatio; Type: FK CONSTRAINT; Schema: public; Owner: postgres
--

ALTER TABLE ONLY public.imputation_servicepermission
    ADD CONSTRAINT imputation_servicepe_service_id_9b31edbe_fk_imputatio FOREIGN KEY (service_id) REFERENCES public.imputation_imputationservice(id) DEFERRABLE INITIALLY DEFERRED;


--
-- Name: imputation_servicepermission imputation_servicepermission_user_id_ec38678d_fk_auth_user_id; Type: FK CONSTRAINT; Schema: public; Owner: postgres
--

ALTER TABLE ONLY public.imputation_servicepermission
    ADD CONSTRAINT imputation_servicepermission_user_id_ec38678d_fk_auth_user_id FOREIGN KEY (user_id) REFERENCES public.auth_user(id) DEFERRABLE INITIALLY DEFERRED;


--
-- Name: imputation_serviceusergroupmembership imputation_serviceus_added_by_id_30853f84_fk_auth_user; Type: FK CONSTRAINT; Schema: public; Owner: postgres
--

ALTER TABLE ONLY public.imputation_serviceusergroupmembership
    ADD CONSTRAINT imputation_serviceus_added_by_id_30853f84_fk_auth_user FOREIGN KEY (added_by_id) REFERENCES public.auth_user(id) DEFERRABLE INITIALLY DEFERRED;


--
-- Name: imputation_serviceusergroup imputation_serviceus_created_by_id_8decc2ad_fk_auth_user; Type: FK CONSTRAINT; Schema: public; Owner: postgres
--

ALTER TABLE ONLY public.imputation_serviceusergroup
    ADD CONSTRAINT imputation_serviceus_created_by_id_8decc2ad_fk_auth_user FOREIGN KEY (created_by_id) REFERENCES public.auth_user(id) DEFERRABLE INITIALLY DEFERRED;


--
-- Name: imputation_serviceusergroupmembership imputation_serviceus_group_id_0c64a03d_fk_imputatio; Type: FK CONSTRAINT; Schema: public; Owner: postgres
--

ALTER TABLE ONLY public.imputation_serviceusergroupmembership
    ADD CONSTRAINT imputation_serviceus_group_id_0c64a03d_fk_imputatio FOREIGN KEY (group_id) REFERENCES public.imputation_serviceusergroup(id) DEFERRABLE INITIALLY DEFERRED;


--
-- Name: imputation_serviceusergroup imputation_serviceus_service_id_c89bc623_fk_imputatio; Type: FK CONSTRAINT; Schema: public; Owner: postgres
--

ALTER TABLE ONLY public.imputation_serviceusergroup
    ADD CONSTRAINT imputation_serviceus_service_id_c89bc623_fk_imputatio FOREIGN KEY (service_id) REFERENCES public.imputation_imputationservice(id) DEFERRABLE INITIALLY DEFERRED;


--
-- Name: imputation_serviceusergroup_permissions imputation_serviceus_servicepermission_id_3417efe9_fk_imputatio; Type: FK CONSTRAINT; Schema: public; Owner: postgres
--

ALTER TABLE ONLY public.imputation_serviceusergroup_permissions
    ADD CONSTRAINT imputation_serviceus_servicepermission_id_3417efe9_fk_imputatio FOREIGN KEY (servicepermission_id) REFERENCES public.imputation_servicepermission(id) DEFERRABLE INITIALLY DEFERRED;


--
-- Name: imputation_serviceusergroup_permissions imputation_serviceus_serviceusergroup_id_9a79f444_fk_imputatio; Type: FK CONSTRAINT; Schema: public; Owner: postgres
--

ALTER TABLE ONLY public.imputation_serviceusergroup_permissions
    ADD CONSTRAINT imputation_serviceus_serviceusergroup_id_9a79f444_fk_imputatio FOREIGN KEY (serviceusergroup_id) REFERENCES public.imputation_serviceusergroup(id) DEFERRABLE INITIALLY DEFERRED;


--
-- Name: imputation_serviceusergroupmembership imputation_serviceus_user_id_399eb711_fk_auth_user; Type: FK CONSTRAINT; Schema: public; Owner: postgres
--

ALTER TABLE ONLY public.imputation_serviceusergroupmembership
    ADD CONSTRAINT imputation_serviceus_user_id_399eb711_fk_auth_user FOREIGN KEY (user_id) REFERENCES public.auth_user(id) DEFERRABLE INITIALLY DEFERRED;


--
-- Name: imputation_userprofile imputation_userprofi_role_id_e9406000_fk_imputatio; Type: FK CONSTRAINT; Schema: public; Owner: postgres
--

ALTER TABLE ONLY public.imputation_userprofile
    ADD CONSTRAINT imputation_userprofi_role_id_e9406000_fk_imputatio FOREIGN KEY (role_id) REFERENCES public.imputation_userrole(id) DEFERRABLE INITIALLY DEFERRED;


--
-- Name: imputation_userprofile imputation_userprofile_user_id_29167050_fk_auth_user_id; Type: FK CONSTRAINT; Schema: public; Owner: postgres
--

ALTER TABLE ONLY public.imputation_userprofile
    ADD CONSTRAINT imputation_userprofile_user_id_29167050_fk_auth_user_id FOREIGN KEY (user_id) REFERENCES public.auth_user(id) DEFERRABLE INITIALLY DEFERRED;


--
-- Name: imputation_userrole_permissions imputation_userrole__permission_id_c9c8fcb2_fk_auth_perm; Type: FK CONSTRAINT; Schema: public; Owner: postgres
--

ALTER TABLE ONLY public.imputation_userrole_permissions
    ADD CONSTRAINT imputation_userrole__permission_id_c9c8fcb2_fk_auth_perm FOREIGN KEY (permission_id) REFERENCES public.auth_permission(id) DEFERRABLE INITIALLY DEFERRED;


--
-- Name: imputation_userrole_permissions imputation_userrole__userrole_id_aef4b231_fk_imputatio; Type: FK CONSTRAINT; Schema: public; Owner: postgres
--

ALTER TABLE ONLY public.imputation_userrole_permissions
    ADD CONSTRAINT imputation_userrole__userrole_id_aef4b231_fk_imputatio FOREIGN KEY (userrole_id) REFERENCES public.imputation_userrole(id) DEFERRABLE INITIALLY DEFERRED;


--
-- Name: imputation_userserviceaccess imputation_userservi_service_id_7b15ee8d_fk_imputatio; Type: FK CONSTRAINT; Schema: public; Owner: postgres
--

ALTER TABLE ONLY public.imputation_userserviceaccess
    ADD CONSTRAINT imputation_userservi_service_id_7b15ee8d_fk_imputatio FOREIGN KEY (service_id) REFERENCES public.imputation_imputationservice(id) DEFERRABLE INITIALLY DEFERRED;


--
-- Name: imputation_userserviceaccess imputation_userserviceaccess_user_id_563b98ee_fk_auth_user_id; Type: FK CONSTRAINT; Schema: public; Owner: postgres
--

ALTER TABLE ONLY public.imputation_userserviceaccess
    ADD CONSTRAINT imputation_userserviceaccess_user_id_563b98ee_fk_auth_user_id FOREIGN KEY (user_id) REFERENCES public.auth_user(id) DEFERRABLE INITIALLY DEFERRED;


--
-- PostgreSQL database dump complete
--

